Kanun Teklifi Sayısı;Genel Görüşme Önergesi Sayısı;İsim;Parti;Soru Önergesi Sayısı;Araştırma Önergesi Sayısı;Genel Kurul Konuşma Sayısı
4;0;Muhammet Emin AKBAŞOĞLU;AK Parti;0;1;585
5;0;Cahit ÖZKAN;AK Parti;0;2;532
5;0;Bülent TURAN;AK Parti;0;1;376
2;0;Ayşe Sibel ERSOY;MHP;6;137;75
3;2;Kemal PEKÖZ;HDP;170;494;52
45;0;Ali Cumhur TAŞKIN;AK Parti;0;10;321
11;0;Özlem ZENGİN;AK Parti;0;3;321
31;0;İlyas ŞEKER;AK Parti;1;4;197
39;1;İsmail KONCUK;ZAFER P;553;225;106
83;10;Özgür ÖZEL;CHP;281;78;977
2;2;Tulay HATIMOĞULLARI ORUÇ;HDP;362;560;94
1;0;Muharrem VARLI;MHP;0;146;13
58;7;Engin ALTAY;CHP;16;37;544
15;0;Hacı ÖZKAN;AK Parti;0;1;180
6;1;Behiç ÇELİK;İYİ Parti;148;362;113
59;7;Engin ÖZKOÇ;CHP;74;48;410
458;13;Mahmut TANAL;CHP;1786;1483;264
415;19;Ömer Fethi GÜRER;CHP;3781;1719;250
12;4;Okan GAYTANCIOĞLU;CHP;192;450;240
108;0;Mehmet Ali ÇELEBİ;MEMLEKET P;1585;479;108
1;3;Hasan ÖZGÜNEŞ;HDP;113;559;36
54;0;Mücahit DURMUŞOĞLU;AK Parti;0;8;163
1;0;Süreyya Sadi BİLGİÇ;AK Parti;0;1;155
2;0;Mustafa ELİTAŞ;AK Parti;0;0;102
46;9;Ayhan BARUT;CHP;305;1408;186
25;0;Mustafa Levent KARAHOCAGİL;AK Parti;0;2;91
2;0;İbrahim Ethem SEDEF;MHP;29;118;15
4;0;Mehmet Naci BOSTANCI;AK Parti;0;0;89
28;0;Mustafa DEMİR;AK Parti;0;4;78
43;0;Semiha EKİNCİ;AK Parti;0;6;74
0;0;Sezai TEMELLİ;HDP;0;0;5
4;1;Özcan ÖZEL;MEMLEKET P;15;290;19
30;0;İsmail GÜNEŞ;AK Parti;0;8;73
9;8;Orhan SÜMER;CHP;115;739;185
0;0;Tayip TEMEL;HDP;52;292;4
20;2;Burcu KÖKSAL;CHP;205;172;184
58;0;Ramazan CAN;AK Parti;0;14;72
11;0;Murat SARISAÇ;HDP;216;415;16
37;0;İbrahim AYDEMİR;AK Parti;0;4;72
17;0;Yılmaz TUNÇ;AK Parti;0;8;60
13;2;Muazzez ORHAN IŞIK;HDP;370;562;54
57;5;Levent GÖK;CHP;599;254;176
25;0;Halil ETYEMEZ;AK Parti;1;5;59
0;0;Alican ÖNLÜ;HDP;77;286;3
37;0;İsmail KAYA;AK Parti;0;5;53
14;0;Sami ÇAKIR;AK Parti;0;2;53
24;0;Atilla ÖDÜNÇ;AK Parti;0;5;52
166;0;Mustafa ŞENTOP;AK Parti;0;0;50
39;9;Abdurrahman TUTDERE;CHP;877;622;175
6;0;Yücel BULUT;MHP;1;85;33
38;0;Selim GÜLTEKİN;AK Parti;0;4;50
35;0;Abdullah GÜLER;AK Parti;0;4;49
15;0;Hüseyin YAYMAN;AK Parti;0;5;43
4;1;Hüseyin ÖRS;İYİ Parti;90;366;169
10;0;İsmet YILMAZ;AK Parti;0;4;43
25;7;Sibel ÖZDEMİR;CHP;61;762;168
31;5;Müzeyyen ŞEVKİN;CHP;183;606;165
42;6;Süleyman BÜLBÜL;CHP;401;839;157
55;0;Orhan YEGİN;AK Parti;0;5;39
2;0;Enez KAPLAN;İYİ Parti;108;312;18
39;0;Ali ÖZKAYA;AK Parti;0;4;36
3;2;Nuran İMİR;HDP;185;423;33
17;5;İlhami Özcan AYGUN;CHP;118;520;152
32;0;Zemzem Gülender AÇANAL;AK Parti;0;8;36
12;3;Ömer ÖCALAN;HDP;203;576;39
14;2;Hüseyin KAÇMAZ;HDP;409;663;69
1;0;Nimetullah ERDOĞMUŞ;HDP;5;191;49
1;0;Nusrettin MAÇİN;HDP;80;348;19
1;0;Mahir ÜNAL;AK Parti;0;0;36
14;0;Orhan ERDEM;AK Parti;0;4;35
17;0;Oya ERONAT;AK Parti;0;5;34
2;0;İbrahim ÖZYAVUZ;MHP;7;146;32
10;0;Mustafa ESGİN;AK Parti;0;5;33
42;0;Salih CORA;AK Parti;0;9;32
29;8;Serkan TOPAL;CHP;390;1353;149
11;1;Ayşe SÜRÜCÜ;HDP;229;459;29
38;0;Süleyman KARAMAN;AK Parti;0;3;32
10;1;Tuba VURAL ÇOKAL;AK Parti;102;125;31
24;0;Cemal ÖZTÜRK;AK Parti;0;3;31
25;9;Nurhayat ALTACA KAYIŞOĞLU;CHP;155;1101;147
15;0;Emine YAVUZ GÖZGEÇ;AK Parti;0;9;29
2;0;Ahmet ÖZYÜREK;MHP;0;148;41
31;0;Hasan ÇİLEZ;AK Parti;0;6;28
0;2;Sıdık TAŞ;HDP;62;432;4
18;0;Habibe ÖÇAL;AK Parti;0;4;28
14;4;Erkan AYDIN;CHP;130;274;146
49;0;Tülay KAYNARCA;AK Parti;0;8;27
40;0;İbrahim YURDUNUSEVEN;AK Parti;0;6;26
35;0;İbrahim AYDIN;AK Parti;0;7;26
18;0;İbrahim Özden KABOĞLU;CHP;18;90;138
35;0;Emrullah İŞLER;AK Parti;0;3;26
56;14;Meral DANIŞ BEŞTAŞ;HDP;315;539;661
5;0;Yunus KILIÇ;AK Parti;0;5;26
3;0;Erhan USTA;İYİ Parti;32;122;71
9;1;Bedri YAŞAR;İYİ Parti;74;350;179
6;0;Mehmet Metanet ÇULHAOĞLU;İYİ Parti;98;387;87
11;10;Özgür CEYLAN;CHP;89;752;137
5;1;Ümit DİKBAYIR;İYİ Parti;47;182;14
42;0;Bekir Kuvvet ERİM;AK Parti;4;4;25
45;0;Tahir AKYÜREK;AK Parti;0;8;25
21;0;Mustafa CANBEY;AK Parti;0;3;25
50;0;Ekrem ÇELEBİ;AK Parti;0;5;24
31;0;Hacı Ahmet ÖZDEMİR;AK Parti;0;3;24
23;4;Süleyman GİRGİN;CHP;211;555;135
8;0;Muhammed Levent BÜLBÜL;MHP;2;16;410
12;0;Zeynep YILDIZ;AK Parti;0;6;24
31;0;Selahattin MİNSOLMAZ;AK Parti;0;7;23
21;0;Bahar AYVAZOĞLU;AK Parti;0;4;23
0;0;Devlet BAHÇELİ;MHP;0;0;1
20;0;Serap YAŞAR;AK Parti;0;8;23
32;0;İsmail TAMER;AK Parti;0;6;22
29;0;Atay USLU;AK Parti;0;5;22
38;0;Utku ÇAKIRÖZER;CHP;137;712;128
16;0;Metin GÜNDOĞDU;AK Parti;0;9;22
13;0;Erol KAVUNCU;AK Parti;0;2;22
6;0;Cemal ENGİNYURT;DP;0;105;89
22;0;Zeynep GÜL YILMAZ;AK Parti;0;7;21
31;4;Ali Fazıl KASAP;CHP;244;541;127
4;0;Ahmet ARSLAN;AK Parti;0;3;21
20;0;Hüseyin ŞANVERDİ;AK Parti;3;5;20
20;1;Özkan YALIM;CHP;188;461;126
68;0;Abdullah Nejat KOÇER;AK Parti;0;5;20
27;0;Ahmet ÇOLAKOĞLU;AK Parti;0;3;20
32;6;Suzan ŞAHİN;CHP;236;511;115
2;0;Mensur IŞIK;BAĞIMSIZ;64;343;24
14;2;Gülüstan KILIÇ KOÇYİĞİT;HDP;255;484;88
3;1;Şevin COŞKUN;HDP;184;688;38
18;4;Cengiz GÖKÇEL;CHP;94;696;113
54;2;Turan AYDOĞAN;CHP;124;250;106
20;0;Halil ÖZŞAVLI;AK Parti;0;1;20
6;1;Metin ERGUN;İYİ Parti;106;296;38
15;0;Ayşe KEŞİR;AK Parti;0;8;20
30;3;Fikret ŞAHİN;CHP;85;438;105
1;0;Zeki Hakan SIDALI;İYİ Parti;114;289;86
32;2;Çetin ARIK;CHP;50;467;103
10;0;Olcay KILAVUZ;MHP;71;135;174
14;6;Ahmet KAYA;CHP;40;728;101
12;3;Rıdvan TURAN;HDP;222;737;100
11;0;Derya BAKBAK;AK Parti;0;2;20
23;0;Yaşar KIRKPINAR;AK Parti;0;3;19
2;0;Baki ŞİMŞEK;MHP;1;175;185
2;0;Fatma KURTULAN;HDP;158;295;166
7;0;Tuma ÇELİK;BAĞIMSIZ;191;317;25
54;0;Mehmet Akif HAMZAÇEBİ;CHP;26;42;98
15;0;Refik ÖZEN;AK Parti;0;7;19
17;1;Ali ÖZTUNÇ;CHP;207;717;97
0;0;Mithat SANCAR;HDP;0;0;52
8;0;Haydar AKAR;CHP;45;278;97
1;1;Pero DUNDAR;HDP;134;641;5
1;1;Ebrü GÜNAY;HDP;132;603;27
30;0;Recep ÖZEL;AK Parti;0;7;18
27;0;Yavuz SUBAŞI;AK Parti;0;5;18
18;0;Uğur AYDEMİR;AK Parti;0;3;18
14;0;İsmail Emrah KARAYEL;AK Parti;0;3;18
13;0;Şamil AYRIM;AK Parti;0;5;18
5;0;Mehmet Doğan KUBAT;AK Parti;0;0;18
3;0;Cevdet YILMAZ;AK Parti;0;1;18
15;0;Erkan AKÇAY;MHP;38;6;419
20;0;Mustafa ADIGÜZEL;CHP;308;120;94
7;5;İsmail Atakan ÜNVER;CHP;106;227;91
29;0;Arife POLAT DÜZGÜN;AK Parti;0;6;17
52;14;Alpay ANTMEN;CHP;702;1156;90
27;0;Nilgün ÖK;AK Parti;0;4;17
5;0;Mehmet Celal FENDOĞLU;MHP;7;187;109
23;0;Muhammet Müfit AYDIN;AK Parti;0;5;17
25;7;Bayram YILMAZKAYA;CHP;113;733;90
20;0;Eyüp ÖZSOY;AK Parti;0;6;17
15;0;Çiğdem ERDOĞAN ATABEK;AK Parti;0;4;17
7;0;Yelda EROL GÖKCAN;AK Parti;0;3;17
7;0;Ahmet TAN;AK Parti;0;2;17
44;0;Mehmet Sait KİRAZOĞLU;AK Parti;0;4;16
31;0;Kemal ÇELİK;AK Parti;0;9;16
2;0;Ahmet ERBAŞ;MHP;23;126;25
26;0;Orhan KIRCALI;AK Parti;0;9;16
20;8;Burhanettin BULUT;CHP;137;800;89
16;0;Mustafa AÇIKGÖZ;AK Parti;0;4;16
4;0;Mahmut Atilla KAYA;AK Parti;0;1;16
3;0;Celalettin GÜVENÇ;AK Parti;0;1;16
29;0;Mustafa KALAYCI;MHP;0;100;40
18;0;Sabahat ÖZGÜRSOY ÇELİK;AK Parti;1;4;15
28;0;Esin KARA;MHP;112;181;46
16;0;İshak GAZEL;AK Parti;1;3;15
23;1;Fahrettin YOKUŞ;İYİ Parti;100;440;151
29;0;Tamer DAĞLI;AK Parti;0;8;15
16;0;Asuman ERDOĞAN;AK Parti;0;6;15
16;9;Servet ÜNSAL;CHP;97;836;88
5;0;Abdulkadir KARADUMAN;SAADET P;368;0;44
17;5;Yüksel ÖZKAN;CHP;92;1135;87
0;0;Saffet SANCAKLI;MHP;0;126;22
34;0;Jülide İSKENDEROĞLU;AK Parti;0;8;14
27;0;Radiye Sezer KATIRCIOĞLU;AK Parti;0;8;14
27;0;Cihan PEKTAŞ;AK Parti;0;9;14
26;0;Burhan ÇAKIR;AK Parti;0;2;14
20;0;Cemal BEKLE;AK Parti;0;3;14
16;0;Ravza KAVAKCI KAN;AK Parti;0;4;14
15;0;Ziver ÖZDEMİR;AK Parti;0;3;14
14;0;Bayram ÖZÇELİK;AK Parti;0;4;14
13;0;Nazım MAVİŞ;AK Parti;0;2;14
30;2;Uğur BAYRAKTUTAN;CHP;704;295;86
32;1;Lütfü TÜRKKAN;İYİ Parti;501;82;451
30;0;Belgin UYGUR;AK Parti;0;5;13
26;0;Fatma AKSAL;AK Parti;0;6;13
15;11;İrfan KAPLAN;CHP;316;888;86
10;2;Ali ŞEKER;CHP;71;809;84
40;0;Halil ÖZTÜRK;MHP;52;106;67
18;0;Hülya NERGİS;AK Parti;0;6;13
29;1;Ömer Faruk GERGERLİOĞLU;HDP;3426;455;133
878;5;Mustafa Sezgin TANRIKULU;CHP;9163;1569;77
11;4;Kani BEKO;CHP;111;371;76
2;0;Mustafa Baki ERSOY;MHP;47;74;28
16;0;Ahmet ÖZDEMİR;AK Parti;0;4;13
15;0;Ziya ALTUNYALDIZ;AK Parti;0;6;13
11;0;Ceyda BÖLÜNMEZ ÇANKIRI;AK Parti;0;5;13
5;0;Zafer SIRAKAYA;AK Parti;0;3;13
2;0;Muhammet BALTA;AK Parti;0;1;13
9;1;Tamer AKKAL;AK Parti;8;35;12
39;0;Fehmi Alpay ÖZALAN;AK Parti;0;7;12
30;7;Ahmet AKIN;CHP;87;713;75
6;0;İsmail ÖZDEMİR;MHP;102;45;41
8;1;Dursun ATAŞ;İYİ Parti;76;369;131
38;0;Mehmet ERDOĞAN;AK Parti;0;4;12
26;0;Ahmet KILIÇ;AK Parti;0;7;12
16;13;Aydın ÖZER;CHP;153;1464;73
20;0;Selman ÖZBOYACI;AK Parti;0;8;12
18;0;Osman Aşkın BAK;AK Parti;0;3;12
15;0;Rümeysa KADAK;AK Parti;0;2;12
5;2;Hüseyin Avni AKSOY;MEMLEKET P;73;436;18
12;0;Cemal TAŞAR;AK Parti;0;5;12
9;0;Selami ALTINOK;AK Parti;0;4;12
22;3;Mehmet GÜZELMANSUR;CHP;146;85;73
8;0;Mustafa Hilmi DÜLGER;AK Parti;0;2;12
78;0;Binali YILDIRIM;AK Parti;0;2;11
33;0;Şirin ÜNAL;AK Parti;0;7;11
19;0;Sefer AYCAN;MHP;177;175;228
31;0;Mustafa ARSLAN;AK Parti;0;4;11
29;0;Ahmet SORGUN;AK Parti;0;7;11
29;0;Abdullah DOĞRU;AK Parti;0;2;11
13;2;Hasan BALTACI;CHP;239;279;72
25;6;Ulaş KARASU;CHP;72;629;70
8;0;Tamer OSMANAĞAOĞLU;MHP;254;169;65
7;6;Metin İLHAN;CHP;136;285;69
27;0;Yücel MENEKŞE;AK Parti;0;6;11
24;0;Salim ÇİVİTCİOĞLU;AK Parti;0;5;11
9;4;Ali KEVEN;CHP;136;274;68
43;12;Veli AĞBABA;CHP;229;1554;67
15;0;Nazır Cihangir İSLAM;CHP;41;95;66
8;3;Murat ÇEPNİ;HDP;193;525;184
20;0;İffet POLAT;AK Parti;0;6;11
32;1;Serpil KEMALBAY PEKGÖZEGÜ;HDP;184;653;161
12;0;Emine Gülizar EMECAN;CHP;38;163;65
30;6;Ali Mahir BAŞARIR;CHP;266;574;63
18;0;Pakize Mutlu AYDEMİR;AK Parti;0;8;11
9;0;Hasan KALYONCU;MHP;81;178;36
9;1;Aysu BANKOĞLU;CHP;57;265;63
15;0;Fuat KÖKTAŞ;AK Parti;0;6;11
7;2;Yıldırım KAYA;CHP;172;288;62
17;4;Dursun Müsavat DERVİŞOĞLU;İYİ Parti;80;134;235
15;0;Bülent TÜFENKCİ;AK Parti;0;5;11
34;3;Gülizar BİÇER KARACA;CHP;256;439;61
12;0;Mehmet Cihat SEZAL;AK Parti;0;5;11
2;1;Aytun ÇIRAY;İYİ Parti;73;150;27
11;0;Emine Sare AYDIN;AK Parti;0;3;11
7;0;Ahmet YILDIZ;AK Parti;0;5;11
5;2;Bekir BAŞEVİRGEN;CHP;134;237;59
15;6;Neslihan HANCIOĞLU;CHP;52;438;59
13;9;Türabi KAYAN;CHP;113;1159;58
9;3;Zeynel ÖZEN;HDP;80;427;60
4;6;Faruk SARIASLAN;CHP;91;437;58
56;0;Murat EMİR;CHP;389;149;55
5;1;Züleyha GÜLÜM;HDP;218;644;103
4;0;Yavuz AĞIRALİOĞLU;İYİ Parti;12;153;143
12;3;Tekin BİNGÖL;CHP;180;478;55
6;0;Fahri ÇAKIR;AK Parti;0;2;11
2;1;Ümit ÖZDAĞ;ZAFER P;43;88;29
45;0;Zehra TAŞKESENLİOĞLU BAN;AK Parti;0;3;10
44;0;Yusuf BAŞER;AK Parti;0;6;10
28;0;Yasin UĞUR;AK Parti;0;4;10
1;1;Ümit BEYAZ;İYİ Parti;106;256;34
13;3;Burak ERBAY;CHP;74;351;55
25;0;Semra KAPLAN KIVIRCIK;AK Parti;0;5;10
23;0;Ceyda ÇETİN ERENLER;AK Parti;0;5;10
12;2;Mehmet GÖKER;CHP;167;668;54
23;0;Hacı Bayram TÜRKOĞLU;AK Parti;0;5;10
17;0;Nevzat CEYLAN;AK Parti;0;5;10
16;0;Mehmet Habib SOLUK;AK Parti;0;4;10
16;3;Deniz YAVUZYILMAZ;CHP;324;657;52
16;0;Öznur ÇALIK;AK Parti;0;2;10
33;1;Saliha Sera KADIGİL SÜTLÜ;TİP;226;338;41
16;0;Ahmet Salih DAL;AK Parti;0;1;10
7;1;Oya ERSOY;HDP;289;657;89
6;4;Bedri SERTER;CHP;762;396;51
15;0;Vildan YILMAZ GÜREL;AK Parti;0;3;10
4;4;Baha ÜNLÜ;CHP;17;580;51
12;0;Şahin TİN;AK Parti;0;4;10
1;0;Mustafa YENEROĞLU;DEVA;66;1;13
12;0;Oğuzhan KAYA;AK Parti;0;7;10
9;0;Nevzat ŞATIROĞLU;AK Parti;0;6;10
1;1;Musa PİROĞLU;HDP;20;296;38
3;0;Memet Bülent KARATAŞ;MHP;8;99;16
8;0;Yusuf BEYAZIT;AK Parti;0;4;10
11;2;Hüseyin YILDIZ;CHP;6;819;51
13;3;Cavit ARI;CHP;125;349;50
25;3;Rafet ZEYBEK;CHP;251;304;49
8;0;İzzet Ulvi YÖNTER;MHP;1;28;14
0;0;Pervin BULDAN;HDP;0;0;6
12;0;İsmail Faruk AKSU;MHP;0;40;29
12;4;Ahmet Vehbi BAKIRLIOĞLU;CHP;97;311;49
3;0;Cumhur ÜNAL;AK Parti;0;1;10
1;0;Cengiz AYDOĞDU;AK Parti;0;4;10
5;0;Ahmet Ünal ÇEVİKÖZ;CHP;35;13;49
10;2;Ahmet ÖNAL;CHP;65;312;48
0;0;Fikri IŞIK;AK Parti;0;1;10
25;3;Tahsin TARHAN;CHP;184;765;47
2;0;Hüda KAYA;HDP;50;104;58
2;0;Hayati ARKAZ;MHP;0;130;101
2;0;Hayrettin NUHOĞLU;İYİ Parti;34;388;142
42;0;Metin YAVUZ;AK Parti;0;4;9
15;0;Mustafa SAVAŞ;AK Parti;0;3;9
12;0;Niyazi GÜNEŞ;AK Parti;0;1;9
9;5;Vecdi GÜNDOĞDU;CHP;110;742;45
11;1;Mehmet BEKAROĞLU;CHP;106;204;45
2;0;Feti YILDIZ;MHP;0;45;12
5;1;Gökan ZEYBEK;CHP;45;228;43
11;0;Ahmet Hamdi ÇAMLI;AK Parti;0;2;9
27;7;Gamze TAŞCIER;CHP;103;926;41
0;0;Fatih Mehmet ŞEKER;BAĞIMSIZ;8;1;2
10;0;Halis DALKILIÇ;AK Parti;0;4;9
9;0;Mustafa YEL;AK Parti;0;2;9
11;14;Hakkı Saruhan OLUÇ;HDP;17;207;530
14;4;Jale Nur SÜLLÜ;CHP;85;244;41
5;0;Hulusi ŞENTÜRK;AK Parti;0;5;9
7;1;Erol KATIRCIOĞLU;HDP;35;418;133
35;0;İsmail BİLEN;AK Parti;0;7;8
35;0;Ali ŞAHİN;AK Parti;0;3;8
23;3;Necati TIĞLI;CHP;246;507;40
4;0;Erkan BAŞ;TİP;10;0;66
6;3;İsmet TOKDEMİR;CHP;86;133;39
2;0;Edip Semih YALÇIN;MHP;2;10;2
20;0;Zeynel EMRE;CHP;21;112;39
0;0;Celal ADAN;MHP;0;0;94
1;0;Cemal ÇETİN;MHP;0;120;10
105;0;Murat BAKAN;CHP;747;502;37
32;0;Selim YAĞCI;AK Parti;0;4;8
29;0;Çiğdem KONCAGÜL;AK Parti;0;7;8
9;3;Dilşat CANBAZ KAYA;HDP;381;451;23
30;0;Arzu ERDEM;MHP;85;93;97
21;0;Sermin BALIK;AK Parti;0;8;8
20;0;Recep UNCUOĞLU;AK Parti;0;3;8
19;0;Hamdi UÇAR;AK Parti;0;3;8
16;4;Çetin Osman BUDAK;CHP;119;171;37
16;0;Sabri ÖZTÜRK;AK Parti;0;4;8
15;0;Adnan GÜNNAR;AK Parti;0;6;8
5;1;Bülent KUŞOĞLU;CHP;7;28;37
2;0;Ahmet ŞIK;TİP;7;247;15
7;3;Ali KENANOĞLU;HDP;265;555;172
4;0;Abdul Ahat ANDİCAN;İYİ Parti;4;218;19
2;0;Ahmet ÇELİK;İYİ Parti;41;229;2
15;0;Ahmet AYDIN;AK Parti;0;6;8
14;0;Osman Nuri GÜLAÇAR;AK Parti;0;4;8
13;0;Arzu AYDIN;AK Parti;0;2;8
13;0;Muhammed Fatih TOPRAK;AK Parti;0;7;8
11;0;İrfan KARTAL;AK Parti;0;5;8
4;0;Yaşar KARADAĞ;MHP;9;130;63
3;0;Aylin CESUR;İYİ Parti;261;324;127
28;1;Kamil Okyay SINDIR;CHP;223;440;36
15;3;Habip EKSİK;HDP;130;599;77
4;0;Lütfi KAŞIKÇI;MHP;57;135;43
11;0;Metin ÇELİK;AK Parti;0;4;8
20;6;Atila SERTEL;CHP;463;744;35
15;3;Özgür KARABAT;CHP;140;389;34
5;0;Yunus EMRE;CHP;132;343;34
10;0;Abdulahat ARVAS;AK Parti;0;6;8
10;0;Hakan ÇAVUŞOĞLU;AK Parti;0;5;8
7;0;Osman BOYRAZ;AK Parti;0;5;8
7;0;Veysel EROĞLU;AK Parti;0;3;8
6;0;Recep ŞEKER;AK Parti;0;8;8
6;0;Mihrimah Belma SATIR;AK Parti;0;2;8
2;0;Barış Atay MENGÜLLÜOĞLU;TİP;17;0;19
5;0;Ahmet DEMİRCAN;AK Parti;0;7;8
20;0;Necip NASIR;AK Parti;2;4;7
5;3;Sait DEDE;HDP;205;777;31
5;0;Sermet ATAY;MHP;3;105;28
30;0;Ahmet ZENBİLCİ;AK Parti;0;6;7
19;0;Kadir AYDIN;AK Parti;0;5;7
9;4;Onursal ADIGÜZEL;CHP;58;588;34
18;0;Müslüm YÜKSEL;AK Parti;0;4;7
15;0;Erol KAYA;AK Parti;0;4;7
14;0;Emine ZEYBEK;AK Parti;0;6;7
3;0;İmam Hüseyin FİLİZ;İYİ Parti;20;389;236
10;0;İbrahim Halil FIRAT;AK Parti;0;10;7
3;1;Mahmut TOĞRUL;HDP;107;524;112
9;0;Metin BULUT;AK Parti;0;1;7
25;3;Suat ÖZCAN;CHP;151;196;33
7;0;Ali Muhittin TAŞDOĞAN;MHP;56;151;103
6;0;Leyla ŞAHİN USTA;AK Parti;0;1;7
46;3;Ali Haydar HAKVERDİ;CHP;86;710;32
6;0;Mehmet Mehdi EKER;AK Parti;0;3;7
5;0;Müşerref Pervin Tuba DURGUT;AK Parti;0;4;7
3;0;Polat TÜRKMEN;AK Parti;0;3;7
5;0;Bülent TEZCAN;CHP;20;41;32
2;0;Metin Nurullah SAZAK;MHP;64;183;15
6;1;Abdüllatif ŞENER;CHP;29;91;31
2;0;Mehmet Kasım GÜLPINAR;AK Parti;0;3;7
2;0;Emine Nur GÜNAY;AK Parti;0;4;7
2;0;Ertunç Erkan BALTA;AK Parti;0;1;7
28;0;Arslan KABUKCUOĞLU;İYİ Parti;630;403;162
1;0;Vahit KİLER;AK Parti;0;1;7
33;0;Yavuz ERGUN;AK Parti;0;4;6
26;0;Osman ÖREN;AK Parti;0;4;6
9;1;Muhammet Naci CİNİSLİ;İYİ Parti;114;324;95
15;0;Gülay SAMANCI;AK Parti;0;5;6
14;0;Şeyhmus DİNÇEL;AK Parti;0;2;6
11;0;Fehmi KÜPÇÜ;AK Parti;0;2;6
10;0;Hasan TURAN;AK Parti;0;1;6
0;0;Kamil AYDIN;MHP;0;24;36
6;0;Osman MESTEN;AK Parti;0;2;6
1;0;Nurettin CANİKLİ;AK Parti;0;1;6
3;1;Orhan ÇAKIRLAR;İYİ Parti;55;242;14
27;0;Cengiz DEMİRKAYA;AK Parti;0;3;5
15;11;Mahir POLAT;CHP;535;500;29
13;0;Gürsel EROL;CHP;23;33;29
15;0;Ümit YILMAZ;MHP;48;196;122
0;0;Salihe AYDENİZ;DBP;36;138;14
23;0;Ahmet AKAY;AK Parti;0;5;5
8;1;Semra GÜZEL;HDP;265;455;77
1;2;Remziye TOSUN;HDP;177;375;11
20;0;Meliha AKYOL;AK Parti;0;7;5
17;0;Yusuf Ziya YILMAZ;AK Parti;0;5;5
1;0;Hişyar ÖZSOY;HDP;69;321;55
1;0;İmam TAŞÇIER;HDP;16;378;14
4;0;Dersim DAĞ;HDP;117;495;21
17;0;Ahmet ÇAKIR;AK Parti;0;8;5
10;0;Garo PAYLAN;HDP;138;536;138
15;0;Serkan BAYRAM;AK Parti;0;5;5
9;3;Haşim Teoman SANCAR;BAĞIMSIZ;8;198;30
15;0;Adil ÇELİK;AK Parti;0;9;5
13;0;Şenel YEDİYILDIZ;AK Parti;0;4;5
18;4;Sevda ERDAN KILIÇ;CHP;182;534;27
22;1;Yasin ÖZTÜRK;İYİ Parti;507;409;160
13;0;Mustafa KENDİRLİ;AK Parti;0;2;5
13;0;Selman Oğuzhan ESER;AK Parti;0;6;5
12;1;Lale KARABIYIK;CHP;29;133;26
11;0;Canan KALSIN;AK Parti;0;5;5
10;0;Rıza POSACI;AK Parti;0;1;5
8;0;Çiğdem KARAASLAN;AK Parti;0;3;5
13;2;Gamze AKKUŞ İLGEZDİ;CHP;120;430;24
19;2;Candan YÜCEER;CHP;101;1053;24
8;0;Abdullah AĞRALI;AK Parti;0;6;5
4;0;Numan KURTULMUŞ;AK Parti;0;0;5
3;0;Fetani BATTAL;AK Parti;0;2;5
2;0;Volkan BOZKIR;AK Parti;0;0;5
32;0;Zülfü DEMİRBAĞ;AK Parti;0;4;4
23;0;Feyzi BERDİBEK;AK Parti;0;4;4
13;5;Kadim DURMAZ;CHP;71;1476;24
20;0;Mustafa Hidayet VAHAPOĞLU;MHP;15;79;28
21;0;Fatih Süleyman DENİZOLGUN;AK Parti;0;1;4
0;0;İsmet BÜYÜKATAMAN;MHP;0;4;1
3;5;Mustafa TUNCER;CHP;9;120;24
20;0;Ahmet Mücahit ARINÇ;AK Parti;0;5;4
20;0;Ahmet Berat ÇONKAR;AK Parti;0;1;4
32;4;Ünal DEMİRTAŞ;CHP;167;528;23
1;0;İsmail TATLIOĞLU;İYİ Parti;16;230;57
16;0;Mehmet Yavuz DEMİR;AK Parti;0;3;4
9;7;Nihat YEŞİL;CHP;50;653;23
12;0;Hakan KAHTALI;AK Parti;0;6;4
10;3;Mürsel ALBAN;CHP;155;357;22
1;0;Ahmet Kamil EROZAN;İYİ Parti;43;333;55
11;0;Mehmet Ali CEVHERİ;AK Parti;0;5;4
11;0;Yakup TAŞ;AK Parti;0;5;4
6;0;Mehmet Akif YILMAZ;AK Parti;0;3;4
4;0;Ahmet BÜYÜKGÜMÜŞ;AK Parti;0;1;4
4;0;Halil ÖZCAN;AK Parti;0;6;4
6;2;Selin SAYEK BÖKE;CHP;34;175;22
3;0;Recep AKDAĞ;AK Parti;0;2;4
3;0;Zülfü Tolga AĞAR;AK Parti;0;2;4
2;0;Orhan ATALAY;AK Parti;0;2;4
3;0;Mahmut Celadet GAYDALI;HDP;68;12;70
0;0;Mehmet Emin ŞİMŞEK;AK Parti;0;3;4
3;0;Aykut ERDOĞDU;CHP;24;18;22
34;0;Fatma Betül SAYAN KAYA;AK Parti;0;2;3
0;2;Erdal AYDEMİR;HDP;173;379;39
27;0;Mehmet Ali ÖZKAN;AK Parti;0;2;3
27;0;Cemil YAMAN;AK Parti;0;3;3
5;0;Mehmet Ruştu TİRYAKİ;HDP;86;339;151
1;0;Feleknas UCA;HDP;106;332;10
13;0;Necdet İPEKYÜZ;HDP;180;723;129
27;0;Zafer IŞIK;AK Parti;0;6;3
3;0;Ayşe ACAR BAŞARAN;HDP;207;558;53
13;5;Orhan SARIBAL;CHP;70;765;21
17;0;Hacı TURAN;AK Parti;0;4;3
12;0;Mustafa ATAŞ;AK Parti;0;3;3
58;1;İsmail OK;BAĞIMSIZ;124;88;32
11;0;Hacı Osman AKGÜL;AK Parti;0;6;3
4;3;Tufan KÖSE;CHP;14;101;20
10;0;Jülide SARIEROĞLU;AK Parti;0;1;3
10;0;Ergün TAŞCI;AK Parti;0;4;3
10;0;Mustafa KÖSE;AK Parti;0;9;3
7;8;Kemal ZEYBEK;CHP;95;1375;19
7;0;Vedat DEMİRÖZ;AK Parti;0;1;3
7;0;Abdulkadir ÖZEL;AK Parti;0;1;3
10;1;Özcan PURÇU;CHP;39;348;19
16;3;Ednan ARSLAN;CHP;569;177;18
33;0;Ensar AYTEKİN;CHP;156;294;18
4;3;Aziz AYDINLIK;CHP;46;189;17
6;0;Mehmet Şükrü ERDİNÇ;AK Parti;0;2;3
1;1;Aydın Adnan SEZGİN;İYİ Parti;199;310;78
5;0;Taner YILDIZ;AK Parti;0;2;3
4;0;Yalçın AKDOĞAN;AK Parti;0;0;3
0;0;Öztürk YILMAZ;YENİLİK P;2;1;1
3;0;Efkan ALA;AK Parti;0;3;3
1;0;Hakkı KÖYLÜ;AK Parti;0;2;3
29;0;Muharrem ERKEK;CHP;21;128;17
0;0;Nabi AVCI;AK Parti;0;1;3
32;0;Sena Nur ÇELİK;AK Parti;0;1;2
27;0;Murat BAYBATUR;AK Parti;0;2;2
4;4;Tacettin BAYIR;CHP;96;432;16
8;3;Yaşar TÜZÜN;CHP;12;74;15
1;0;Kemal BÜLBÜL;HDP;125;443;116
10;0;Hasan SUBAŞI;İYİ Parti;54;339;104
25;0;Lütfiye Selva ÇAM;AK Parti;0;4;2
34;1;Feridun BAHŞİ;İYİ Parti;139;368;128
11;0;Barış KARADENİZ;CHP;25;75;14
10;7;Polat ŞAROĞLU;CHP;59;528;12
1;0;Abdurrahman BAŞKAN;MHP;0;150;30
13;0;Rizgin BİRLİK;AK Parti;0;2;2
5;4;Seyit TORUN;CHP;23;354;12
13;0;Mehmet Uğur GÖKGÖZ;AK Parti;0;5;2
2;0;Yaşar YILDIRIM;MHP;0;31;6
10;0;Ahmet Sami CEYLAN;AK Parti;0;3;2
5;4;Ahmet Tuncay ÖZKAN;CHP;73;220;9
4;0;Şenol SUNAT;İYİ Parti;63;388;74
4;0;Kemal KILIÇDAROĞLU;CHP;0;0;9
8;0;Ahmet UZER;AK Parti;0;1;2
1;0;Sadir DURMAZ;MHP;3;13;8
7;0;Husret DİNÇ;AK Parti;0;5;2
7;2;Yüksel Mansur KILINÇ;CHP;60;219;7
3;0;Nevin TAŞLIÇAY;MHP;17;106;31
8;0;Mustafa DESTİCİ;BBP;0;0;52
5;0;İbrahim Halil YILDIZ;AK Parti;0;3;2
3;0;Faik ÖZTRAK;CHP;10;21;7
5;0;Mevlüt KARAKAYA;MHP;16;8;21
5;0;Ebubekir BAL;AK Parti;0;2;2
3;0;Fethi AÇIKEL;CHP;9;52;6
1;0;Koray AYDIN;İYİ Parti;9;146;7
1;0;İbrahim Halil ORAL;İYİ Parti;85;394;96
3;0;Hamza DAĞ;AK Parti;0;0;2
5;0;Erdoğan TOPRAK;CHP;2;15;6
45;0;Erkan HABERAL;MHP;1;78;8
24;0;Gürsel TEKİN;CHP;83;79;5
13;1;Filiz KERESTECİOĞLU DEMİR;HDP;188;531;203
3;0;Erkan KANDEMİR;AK Parti;0;0;2
1;0;Bekir BOZDAĞ;AK Parti;0;1;2
1;0;Ahmet Eşref FAKIBABA;AK Parti;0;4;2
3;0;Oğuz Kaan SALICI;CHP;12;3;5
1;0;Kenan SOFUOĞLU;AK Parti;0;1;2
1;0;Hayati YAZICI;AK Parti;0;1;2
1;0;Akif Çağatay KILIÇ;AK Parti;0;2;2
0;0;Muhammed AVCI;AK Parti;0;1;2
4;0;Durmuş YILMAZ;İYİ Parti;2;188;44
14;0;Kadri Enis BERBEROĞLU;CHP;0;30;5
4;0;İlhan KESİCİ;CHP;0;38;4
13;0;Fatih ŞAHİN;AK Parti;0;3;1
4;0;Ahmet Haluk KOÇ;CHP;0;120;4
2;1;Ayhan ALTINTAŞ;İYİ Parti;10;439;130
3;0;Ramazan KAŞLI;MHP;4;169;33
11;0;Harun KARACAN;AK Parti;0;1;1
7;0;Mehmet ALTAY;AK Parti;0;2;1
5;0;Ali İhsan YAVUZ;AK Parti;0;0;1
3;0;Barış AYDIN;AK Parti;0;1;1
2;0;Aziz BABUŞCU;AK Parti;0;1;1
6;0;Mehmet TAYTAK;MHP;5;78;37
10;1;Ayhan EREL;İYİ Parti;66;423;261
2;0;Yıldırım Tuğrul TÜRKEŞ;AK Parti;0;0;1
0;0;Berdan ÖZTÜRK;HDP;19;424;3
0;0;Gültekin UYSAL;DP;10;0;20
1;0;Alev DEDEGİL;AK Parti;0;1;1
1;0;Ali İhsan ARSLAN;AK Parti;0;1;1
1;0;İlknur İNCEÖZ;AK Parti;0;1;1
0;0;Mehmet ÖZHASEKİ;AK Parti;0;0;1
5;0;Dirayet Dilan TAŞDEMİR;HDP;159;520;67
23;2;Abdullah KOÇ;HDP;212;432;121
2;0;Deniz BAYKAL;CHP;0;0;1
